ID,Prenom,Nom,Sexe,Courriel,DateNais
0,Gaspard,Alizan,m,gaspard.alizan@libreoffice.org,1985-3-17
1,Amélie,Oration,f,amelie.oration@libreoffice.org,1978-4-7
2,César,Yennes,m,cesar.yennes@libreoffice.org,1987-9-28
3,Agathe,Zeublouse,m,agathe.zeublouse@libreoffice.org,1989-7-5
4,Anna,Gramme,f,anna.gramme@libreoffice.org,2006-3-1
5,Clémence,Dutribunal,f,clemence.dutribunal@libreoffice.org,2007-7-15
6,Clara,Hocquet,f,clara.hocquet@libreoffice.org,1984-12-23
7,Alain,Daixe,m,alain.daixe@libreoffice.org,1964-5-1
8,Fred,Déplacement,m,fred.deplacement@libreoffice.org,1961-7-4
9,Elise,Aimoi,f,elise.aimoi@libreoffice.org,1981-7-3
10,Mehdi,Milbal,m,mehdi.milbal@libreoffice.org,2002-1-1
11,Barbie,Chaite,f,barbie.chaite@libreoffice.org,2001-2-3
12,Anna,Logis,f,anna.logis@libreoffice.org,1999-1-1
13,Alain,Dissoir,m,alain.dissoir@libreoffice.org,2000-7-3
14,Adele,Scott,f,adele.scott@libreoffice.org,2001-1-5
15,Ivan,Tilelapièce,m,ivan.tilelapièce@libreoffice.org,1999-7-5
16,Vladimir,Pourlavessel,m,vladimir.pourlavessel@libreoffice.org,2000-1-3
17,Teddy,Ferrant,m,teddy.ferrant@libreoffice.org,2000-3-4
18,Cécile,Cligne,f,cecile.cligne@libreoffice.org,2001-7-3
19,Bruno,Zieuvair,m,bruno.zieuvair@libreoffice.org,1998-2-27
